City_ID,City,Country,Date,Lat,Lng,Max Temp,Humidity,Cloudiness,Wind Speed
0,Acarau,BR,2021-07-15 01:57:59,-2.8856,-40.12,78.96,81,41,13.82
1,Myitkyina,MM,2021-07-15 01:57:59,25.3833,97.4,76.26,97,100,0.63
2,Port Alfred,ZA,2021-07-15 01:57:59,-33.5906,26.891,52.59,39,42,8.57
3,Tuktoyaktuk,CA,2021-07-15 01:57:59,69.4541,-133.0374,38.32,70,100,21.85
4,Cape Town,ZA,2021-07-15 01:55:09,-33.9258,18.4232,51.12,79,0,8.05
5,Naklo Nad Notecia,PL,2021-07-15 01:58:00,53.1421,17.6018,68.11,94,99,4.27
6,Ushuaia,AR,2021-07-15 01:55:21,-54.8,-68.3,28.06,93,75,3.44
7,Sinnamary,GF,2021-07-15 01:58:00,5.3833,-52.95,77.32,85,86,8.16
8,Whittlesea,ZA,2021-07-15 01:58:00,-32.1759,26.8244,32.59,54,0,4.29
9,Tucuman,AR,2021-07-15 01:58:00,-26.8241,-65.2226,53.6,82,98,5.75
10,Mataura,NZ,2021-07-15 01:58:00,-46.1927,168.8643,47.48,78,100,1.25
11,Slatina,RO,2021-07-15 01:58:01,44.4333,24.3667,70.29,74,0,8.9
12,Georgetown,MY,2021-07-15 01:58:01,5.4112,100.3354,83.89,78,20,3.44
13,Parintins,BR,2021-07-15 01:58:01,-2.6283,-56.7358,77.09,80,44,1.9
14,Pokhara,NP,2021-07-15 01:58:01,28.2333,83.9833,73.36,92,99,0.58
15,Alofi,NU,2021-07-15 01:58:02,-19.0595,-169.9187,82.29,78,75,6.91
16,Hueyapan,MX,2021-07-15 01:58:02,18.8667,-98.6667,57.06,88,100,4.03
17,Araouane,ML,2021-07-15 01:58:02,18.9048,-3.5265,91.11,34,0,17.29
18,Kavieng,PG,2021-07-15 01:58:02,-2.5744,150.7967,85.21,70,97,12.33
19,Banda Aceh,ID,2021-07-15 01:58:02,5.5577,95.3222,81.27,72,100,12.3
20,Hasaki,JP,2021-07-15 01:58:03,35.7333,140.8333,81.0,85,100,8.14
21,Busselton,AU,2021-07-15 01:58:03,-33.65,115.3333,55.04,64,77,21.81
22,Hami,CN,2021-07-15 01:58:03,42.8,93.45,83.19,35,88,9.06
23,Yorosso,ML,2021-07-15 01:58:03,12.3536,-4.7761,75.45,75,100,7.31
24,Xinzhi,CN,2021-07-15 01:58:04,36.4989,111.7047,91.56,48,57,3.49
25,Hermanus,ZA,2021-07-15 01:58:04,-34.4187,19.2345,50.9,69,0,7.72
26,Dikson,RU,2021-07-15 01:58:04,73.5069,80.5464,35.55,99,100,12.37
27,Buala,SB,2021-07-15 01:58:04,-8.145,159.5921,85.6,71,86,12.46
28,Paulo Ramos,BR,2021-07-15 01:58:04,-4.2167,-45.1833,75.36,56,0,2.71
29,New Norfolk,AU,2021-07-15 01:58:05,-42.7826,147.0587,53.74,81,99,3.2
30,Atuona,PF,2021-07-15 01:58:05,-9.8,-139.0333,78.37,69,1,23.73
31,Fortuna,US,2021-07-15 01:58:05,40.5982,-124.1573,58.32,92,90,3.0
32,Rikitea,PF,2021-07-15 01:58:05,-23.1203,-134.9692,73.53,69,0,8.41
33,Avarua,CK,2021-07-15 01:58:06,-21.2078,-159.775,82.45,69,40,6.91
34,Kapaa,US,2021-07-15 01:58:06,22.0752,-159.319,84.18,78,36,3.0
35,Nome,US,2021-07-15 01:55:52,64.5011,-165.4064,55.17,84,18,16.28
36,Yellowknife,CA,2021-07-15 01:56:58,62.456,-114.3525,76.28,57,81,7.81
37,Puerto Ayora,EC,2021-07-15 01:58:06,-0.7393,-90.3518,71.55,89,48,1.01
38,Skibbereen,IE,2021-07-15 01:58:06,51.55,-9.2667,60.6,94,3,2.1
39,Lunsar,SL,2021-07-15 01:58:06,8.6833,-12.5333,72.37,97,100,1.72
40,Carnarvon,AU,2021-07-15 01:58:07,-24.8667,113.6333,60.87,54,75,5.75
41,Pshekhskaya,RU,2021-07-15 01:58:07,44.696,39.7967,63.12,68,0,6.8
42,Padang,ID,2021-07-15 01:58:07,-0.9492,100.3543,82.45,62,53,0.56
43,Grindavik,IS,2021-07-15 01:58:07,63.8424,-22.4338,49.95,87,75,14.97
44,Katsuura,JP,2021-07-15 01:58:08,35.1333,140.3,82.44,74,93,6.26
45,Hambantota,LK,2021-07-15 01:58:08,6.1241,81.1185,77.34,100,75,0.0
46,Trincomalee,LK,2021-07-15 01:58:08,8.5711,81.2335,79.92,79,100,11.54
47,Kysyl-Syr,RU,2021-07-15 01:58:08,63.8986,122.7617,57.81,47,100,7.78
48,Qostanay,KZ,2021-07-15 01:58:08,53.1667,63.5833,53.89,66,0,8.95
49,Vaini,TO,2021-07-15 01:58:09,-21.2,-175.2,69.96,100,90,12.66
50,Pevek,RU,2021-07-15 01:58:09,69.7008,170.3133,40.96,88,100,5.17
51,Hit,IQ,2021-07-15 01:54:06,33.6416,42.8251,87.66,23,0,10.54
52,Lavrentiya,RU,2021-07-15 01:58:09,65.5833,-171.0,54.48,77,63,8.28
53,Dekar,BW,2021-07-15 01:58:09,-21.5333,21.9333,38.89,26,0,6.78
54,Disa,IN,2021-07-15 01:58:09,24.25,72.1667,84.54,76,100,5.19
55,Port Blair,IN,2021-07-15 01:58:10,11.6667,92.75,82.38,77,100,10.78
56,Doha,QA,2021-07-15 01:56:45,25.2867,51.5333,91.38,84,0,2.3
57,Olinda,BR,2021-07-15 01:55:24,-8.0089,-34.8553,73.13,88,75,9.22
58,Greensburg,US,2021-07-15 01:54:43,40.3015,-79.5389,75.31,89,20,0.0
59,Mindelo,CV,2021-07-15 01:58:10,16.8901,-24.9804,76.55,78,40,4.61
60,Severo-Kurilsk,RU,2021-07-15 01:57:53,50.6789,156.125,54.0,93,100,15.23
61,Sitka,US,2021-07-15 01:58:10,57.0531,-135.33,56.34,79,100,3.09
62,Burnie,AU,2021-07-15 01:58:10,-41.0667,145.9167,53.87,92,100,12.97
63,Punta Arenas,CL,2021-07-15 01:54:43,-53.15,-70.9167,35.71,100,90,3.44
64,Souillac,MU,2021-07-15 01:58:10,-20.5167,57.5167,66.36,88,20,3.44
65,Jamestown,US,2021-07-15 01:53:17,42.097,-79.2353,68.29,86,4,1.01
66,Narsaq,GL,2021-07-15 01:58:11,60.9167,-46.05,48.94,84,14,2.08
67,Mar Del Plata,AR,2021-07-15 01:58:11,-38.0023,-57.5575,51.13,71,100,1.01
68,Alibag,IN,2021-07-15 01:58:11,18.6411,72.8792,78.87,90,100,6.96
69,Narasimharajapura,IN,2021-07-15 01:58:11,13.6167,75.5167,69.46,95,100,7.0
70,Esperance,AU,2021-07-15 01:58:12,-33.8667,121.9,46.24,83,93,33.38
71,Egvekinot,RU,2021-07-15 01:58:12,66.3167,-179.1667,48.83,79,51,7.99
72,Sorland,NO,2021-07-15 01:58:12,67.667,12.6934,56.1,84,100,4.79
73,Bredasdorp,ZA,2021-07-15 01:58:12,-34.5322,20.0403,43.92,81,0,5.75
74,Vila Franca Do Campo,PT,2021-07-15 01:58:12,37.7167,-25.4333,66.61,79,40,2.75
75,Pacific Grove,US,2021-07-15 01:57:03,36.6177,-121.9166,78.3,83,39,1.01
76,Komsomolskiy,UZ,2021-07-15 01:58:13,40.4272,71.7189,77.72,41,48,4.61
77,Taoudenni,ML,2021-07-15 01:58:13,22.6783,-3.9836,96.58,6,0,5.93
78,Katobu,ID,2021-07-15 01:58:13,-4.9408,122.5276,79.23,79,100,1.52
79,Toktogul,KG,2021-07-15 01:58:13,41.8708,72.9402,62.08,90,100,1.48
80,Albany,US,2021-07-15 01:53:55,42.6001,-73.9662,71.51,95,1,3.98
81,Pandan,PH,2021-07-15 01:58:14,14.0453,124.1694,86.47,67,47,1.28
82,Caxito,AO,2021-07-15 01:58:14,-8.5785,13.6643,72.25,97,52,2.28
83,Cherskiy,RU,2021-07-15 01:58:14,68.75,161.3,69.49,43,8,11.21
84,Boa Vista,BR,2021-07-15 01:55:08,2.8197,-60.6733,76.98,88,40,3.44
85,Khatanga,RU,2021-07-15 01:58:14,71.9667,102.5,48.11,69,100,16.87
86,Bluff,NZ,2021-07-15 01:57:51,-46.6,168.3333,47.8,63,100,7.2
87,Fort Saint James,CA,2021-07-15 01:58:14,54.4333,-124.25,77.27,29,100,7.67
88,Mayumba,GA,2021-07-15 01:58:15,-3.432,10.6554,70.72,91,63,5.37
89,Te Anau,NZ,2021-07-15 01:58:15,-45.4167,167.7167,47.35,90,100,1.21
90,Chokurdakh,RU,2021-07-15 01:58:15,70.6333,147.9167,49.48,65,99,22.82
91,Ayan,RU,2021-07-15 01:58:15,56.45,138.1667,67.57,61,100,7.34
92,Barrow,US,2021-07-15 01:58:16,71.2906,-156.7887,39.22,67,20,11.03
93,San Isidro,PE,2021-07-15 01:58:16,-12.1167,-77.05,63.01,93,90,9.22
94,Klaksvik,FO,2021-07-15 01:58:16,62.2266,-6.589,52.72,84,28,28.21
95,Richards Bay,ZA,2021-07-15 01:58:16,-28.783,32.0377,52.99,84,0,5.01
96,Thompson,CA,2021-07-15 01:58:16,55.7435,-97.8558,74.79,35,53,1.9
97,Namatanai,PG,2021-07-15 01:58:17,-3.6667,152.4333,83.89,75,77,12.26
98,Keti Bandar,PK,2021-07-15 01:58:17,24.1447,67.4497,85.69,77,100,13.4
99,Katherine,AU,2021-07-15 01:58:17,-14.4667,132.2667,86.32,45,10,6.91
100,Henties Bay,NA,2021-07-15 01:58:17,-22.116,14.2845,59.16,56,0,3.31
101,Korcula,HR,2021-07-15 01:58:17,42.9622,17.1369,75.76,73,0,3.47
102,Almeirim,BR,2021-07-15 01:58:18,-1.5233,-52.5817,77.14,81,90,3.0
103,Hithadhoo,MV,2021-07-15 01:58:18,-0.6,73.0833,82.08,77,74,10.69
104,Nikolskoye,RU,2021-07-15 01:58:18,59.7035,30.7861,69.69,89,96,0.6
105,Castelfiorentino,IT,2021-07-15 01:58:18,43.61,10.9692,65.32,89,56,3.31
106,Luwuk,ID,2021-07-15 01:58:19,-0.9516,122.7875,79.09,92,100,5.59
107,Upernavik,GL,2021-07-15 01:58:19,72.7868,-56.1549,39.51,96,100,25.03
108,Malaya Serdoba,RU,2021-07-15 01:58:19,52.4661,44.9512,65.3,91,54,5.37
109,Saint Anthony,US,2021-07-15 01:57:34,45.0205,-93.218,67.98,89,75,3.0
110,Saskylakh,RU,2021-07-15 01:58:19,71.9167,114.0833,51.8,49,100,22.03
111,Chuy,UY,2021-07-15 01:58:19,-33.6971,-53.4616,53.37,96,100,12.77
112,Luderitz,NA,2021-07-15 01:58:20,-26.6481,15.1594,55.51,33,0,5.91
113,Olafsvik,IS,2021-07-15 01:58:20,64.8945,-23.7142,49.06,91,100,17.16
114,Longyearbyen,SJ,2021-07-15 01:57:51,78.2186,15.6401,44.44,76,75,4.61
115,Coronini,RS,2021-07-15 01:58:20,44.68,21.6855,81.48,66,0,9.19
116,Aklavik,CA,2021-07-15 01:58:21,68.2191,-135.0107,40.14,63,100,19.22
117,Ribeira Grande,PT,2021-07-15 01:58:21,38.5167,-28.7,70.63,81,85,9.64
118,Chiredzi,ZW,2021-07-15 01:58:21,-21.05,31.6667,57.36,82,100,6.78
119,Kodiak,US,2021-07-15 01:57:03,57.79,-152.4072,53.24,82,99,3.33
120,Ust-Kulom,RU,2021-07-15 01:58:21,61.6864,53.6902,57.47,95,100,2.28
121,Kieta,PG,2021-07-15 01:58:21,-6.2167,155.6333,86.85,67,100,9.69
122,Vila Velha,BR,2021-07-15 01:58:22,-20.3297,-40.2925,69.75,94,40,3.44
123,Butaritari,KI,2021-07-15 01:58:22,3.0707,172.7902,83.01,79,48,14.65
124,Bambous Virieux,MU,2021-07-15 01:58:22,-20.3428,57.7575,66.22,88,20,3.44
125,Iqaluit,CA,2021-07-15 01:58:22,63.7506,-68.5145,49.69,81,4,4.0
126,La Ronge,CA,2021-07-15 01:58:23,55.1001,-105.2842,67.03,41,38,5.59
127,Berdigestyakh,RU,2021-07-15 01:58:23,62.0989,126.6992,80.62,37,100,2.91
128,Arraial Do Cabo,BR,2021-07-15 01:58:18,-22.9661,-42.0278,71.56,83,0,10.36
129,Carbonia,IT,2021-07-15 01:58:23,39.1672,8.5222,68.0,86,0,5.17
130,Salalah,OM,2021-07-15 01:58:15,17.0151,54.0924,78.64,97,100,8.25
131,Kasungu,MW,2021-07-15 01:58:23,-13.0333,33.4833,60.89,68,0,8.43
132,Weihai,CN,2021-07-15 01:58:23,37.5017,122.1136,78.71,87,100,17.11
133,Husavik,IS,2021-07-15 01:58:24,66.0449,-17.3389,49.91,84,100,2.98
134,Provideniya,RU,2021-07-15 01:58:24,64.3833,-173.3,48.31,71,40,22.37
135,Bethel,US,2021-07-15 01:58:24,41.3712,-73.414,77.68,87,89,3.06
136,Zhangye,CN,2021-07-15 01:58:24,38.9342,100.4517,78.31,37,68,1.03
137,Kamenka,RU,2021-07-15 01:58:24,51.3223,42.7678,66.72,85,0,6.73
138,Saint-Philippe,RE,2021-07-15 01:58:25,-21.3585,55.7679,65.75,75,34,9.22
139,Marabba,SD,2021-07-15 01:58:25,12.35,32.1833,76.17,79,100,17.94
140,Kyren,RU,2021-07-15 01:58:25,51.6828,102.1408,72.21,56,0,1.57
141,Port Hedland,AU,2021-07-15 01:58:25,-20.3167,118.5667,75.25,41,5,17.27
142,Makakilo City,US,2021-07-15 01:58:26,21.3469,-158.0858,82.69,68,12,15.57
143,Airai,TL,2021-07-15 01:58:26,-8.9266,125.4092,71.89,48,100,4.21
144,Bakel,SN,2021-07-15 01:58:26,14.905,-12.4568,85.1,68,11,14.99
145,Mandalgovi,MN,2021-07-15 01:58:26,45.7625,106.2708,75.33,37,100,13.29
146,Waraseoni,IN,2021-07-15 01:58:26,21.75,80.0333,80.58,78,65,2.57
147,Bend,US,2021-07-15 01:58:27,44.0582,-121.3153,89.46,30,1,5.01
148,Natal,BR,2021-07-15 01:54:40,-5.795,-35.2094,77.22,78,75,6.91
149,Pangnirtung,CA,2021-07-15 01:58:27,66.1451,-65.7125,48.04,73,99,6.06
150,Lebu,CL,2021-07-15 01:58:27,-37.6167,-73.65,48.88,77,76,2.46
151,Arawa,PG,2021-07-15 01:58:27,-6.2132,155.5367,88.84,61,100,7.52
152,Sao Filipe,CV,2021-07-15 01:58:28,14.8961,-24.4956,74.16,89,64,9.4
153,Arkhipo-Osipovka,RU,2021-07-15 01:58:28,44.37,38.52,71.96,60,0,9.57
154,Iquique,CL,2021-07-15 01:53:48,-20.2208,-70.1431,60.84,78,56,3.15
155,Chipinge,ZW,2021-07-15 01:58:28,-20.1883,32.6236,51.89,94,100,3.42
156,Camabatela,AO,2021-07-15 01:58:28,-8.1881,15.375,55.78,79,55,1.59
157,Coquimbo,CL,2021-07-15 01:58:29,-29.9533,-71.3436,51.53,87,0,3.44
158,East London,ZA,2021-07-15 01:58:29,-33.0153,27.9116,52.11,44,1,6.24
159,Maniitsoq,GL,2021-07-15 01:58:29,65.4167,-52.9,42.17,96,100,8.72
160,Lat Yao,TH,2021-07-15 01:58:29,15.751,99.7893,80.28,76,100,0.94
161,Batagay-Alyta,RU,2021-07-15 01:58:29,67.8006,130.4114,56.73,49,78,9.35
162,Flinders,AU,2021-07-15 01:53:55,-34.5833,150.8552,71.06,65,0,4.0
163,Meulaboh,ID,2021-07-15 01:58:30,4.1363,96.1285,78.87,82,98,3.69
164,Bamnet Narong,TH,2021-07-15 01:58:30,15.4992,101.6897,82.71,71,67,5.79
165,Tasiilaq,GL,2021-07-15 01:58:21,65.6145,-37.6368,38.7,94,100,4.43
166,Eureka,US,2021-07-15 01:54:09,40.8021,-124.1637,57.13,84,74,1.01
167,Havelock,US,2021-07-15 01:58:30,34.8791,-76.9013,81.95,87,39,1.99
168,Norman Wells,CA,2021-07-15 01:58:30,65.282,-126.8329,45.41,93,100,10.85
169,Hobart,AU,2021-07-15 01:58:31,-42.8794,147.3294,54.1,91,75,8.05
170,Port Pirie,AU,2021-07-15 01:54:49,-33.1833,138.0167,60.89,63,55,18.81
171,Portland,US,2021-07-15 01:58:17,45.5234,-122.6762,83.61,54,0,3.0
172,Castro,BR,2021-07-15 01:58:31,-24.7911,-50.0119,55.85,63,97,3.74
173,Victoria,HK,2021-07-15 01:55:56,22.2855,114.1577,91.96,76,32,1.01
174,Hirara,JP,2021-07-15 01:58:31,24.8,125.2833,88.07,79,40,10.36
175,Mujiayingzi,CN,2021-07-15 01:58:31,42.1167,118.7833,81.0,72,99,4.54
176,Sorong,ID,2021-07-15 01:58:31,-0.8833,131.25,81.64,82,100,8.37
177,Mount Gambier,AU,2021-07-15 01:57:56,-37.8333,140.7667,53.51,87,95,12.66
178,Mayya,RU,2021-07-15 01:58:32,61.7333,130.2811,69.12,42,100,4.09
179,Puerto Escondido,MX,2021-07-15 01:58:32,15.85,-97.0667,82.4,76,100,5.41
180,Amahai,ID,2021-07-15 01:58:32,-3.3333,128.9167,77.2,91,100,1.99
181,Saint George,US,2021-07-15 01:58:09,37.1041,-113.5841,100.87,29,0,5.01
182,Acapulco,MX,2021-07-15 01:58:32,16.8634,-99.8901,76.17,93,100,4.09
183,Cockburn Town,TC,2021-07-15 01:58:33,21.4612,-71.1419,81.05,75,1,18.59
184,Clearlake,US,2021-07-15 01:58:33,38.9582,-122.6264,83.52,38,0,7.85
185,Kamaishi,JP,2021-07-15 01:58:33,39.2667,141.8833,76.15,78,45,7.4
186,Port Lincoln,AU,2021-07-15 01:58:33,-34.7333,135.8667,59.4,64,57,20.69
187,Touros,BR,2021-07-15 01:58:33,-5.1989,-35.4608,76.1,87,26,11.72
188,Lagoa,PT,2021-07-15 01:58:34,39.05,-27.9833,68.58,82,100,13.87
189,Srebrenica,BA,2021-07-15 01:55:03,44.1064,19.2969,70.57,75,0,0.51
190,Usinsk,RU,2021-07-15 01:58:34,65.9939,57.5281,57.63,56,100,7.67
191,Ahipara,NZ,2021-07-15 01:58:34,-35.1667,173.1667,57.38,57,35,9.22
192,Ponta Do Sol,PT,2021-07-15 01:58:34,32.6667,-17.1,70.72,83,1,4.05
193,Balkanabat,TM,2021-07-15 01:58:35,39.5108,54.3671,84.85,19,74,13.65
194,Qaanaaq,GL,2021-07-15 01:58:11,77.484,-69.3632,38.1,98,100,3.67
195,Lazaro Cardenas,MX,2021-07-15 01:58:35,17.9583,-102.2,81.95,81,95,1.97
196,Westport,US,2021-07-15 01:56:32,41.1415,-73.3579,79.05,92,59,4.0
197,Ostersund,SE,2021-07-15 01:58:35,63.1792,14.6357,63.61,88,20,10.36
198,Shimanovsk,RU,2021-07-15 01:58:35,52.0,127.7,80.26,72,55,10.83
199,Paka,MY,2021-07-15 01:58:35,4.6374,103.4368,76.98,88,20,0.0
200,Mount Isa,AU,2021-07-15 01:58:36,-20.7333,139.5,83.97,34,48,17.27
201,Teya,RU,2021-07-15 01:58:36,60.3778,92.6267,73.6,54,99,4.97
202,Agirish,RU,2021-07-15 01:58:36,61.9247,63.0231,53.13,52,6,4.23
203,Sulangan,PH,2021-07-15 01:58:36,11.1373,123.7228,83.46,74,27,6.55
204,Shimoda,JP,2021-07-15 01:58:37,34.6667,138.95,80.96,72,100,6.62
205,Kruisfontein,ZA,2021-07-15 01:58:37,-34.0033,24.7314,46.02,41,90,7.07
206,Ponazyrevo,RU,2021-07-15 01:58:37,58.3578,46.3142,63.45,90,44,3.67
207,Cidreira,BR,2021-07-15 01:58:37,-30.1811,-50.2056,60.42,88,100,2.93
208,Hilo,US,2021-07-15 01:57:31,19.7297,-155.09,84.27,90,11,7.0
209,Tiksi,RU,2021-07-15 01:58:37,71.6872,128.8694,44.11,59,97,19.17
210,Taksimo,RU,2021-07-15 01:58:38,56.3444,114.8794,66.04,66,100,2.42
211,Durgapur,IN,2021-07-15 01:58:38,23.4833,87.3167,84.9,75,100,8.23
212,Zhigansk,RU,2021-07-15 01:58:38,66.7697,123.3711,56.07,40,6,11.59
213,Batticaloa,LK,2021-07-15 01:58:38,7.7102,81.6924,82.0,73,100,0.96
214,Yar-Sale,RU,2021-07-15 01:58:39,66.8333,70.8333,53.87,53,0,5.7
215,Galveston,US,2021-07-15 01:58:39,29.3669,-94.9669,84.15,82,100,3.0
216,Sabha,LY,2021-07-15 01:58:39,27.0377,14.4283,82.99,25,1,10.13
217,Christiansburg,US,2021-07-15 01:58:39,37.1298,-80.4089,73.31,92,13,1.68
218,Bathsheba,BB,2021-07-15 01:58:39,13.2167,-59.5167,81.21,74,20,20.71
219,Vardo,NO,2021-07-15 01:58:40,70.3705,31.1107,49.62,90,78,3.67
220,Baherden,TM,2021-07-15 01:58:40,38.4362,57.4316,78.96,20,34,3.11
221,Novobelokatay,RU,2021-07-15 01:58:40,55.7062,58.9549,52.92,73,52,3.36
222,Torbay,CA,2021-07-15 01:58:40,47.6666,-52.7314,61.68,73,4,15.84
223,Srednekolymsk,RU,2021-07-15 01:58:41,67.45,153.6833,60.8,67,63,27.76
224,Lompoc,US,2021-07-15 01:58:41,34.6391,-120.4579,74.01,80,90,11.5
225,Sept-Iles,CA,2021-07-15 01:58:41,50.2001,-66.3821,58.05,94,100,5.01
226,Angoche,MZ,2021-07-15 01:58:41,-16.2325,39.9086,73.08,75,7,10.67
227,Saquena,PE,2021-07-15 01:58:41,-4.6667,-73.5167,71.64,97,3,3.24
228,Korla,CN,2021-07-15 01:58:42,41.7597,86.1469,80.49,33,99,1.99
229,Oranjemund,NA,2021-07-15 01:58:42,-28.55,16.4333,54.93,34,0,8.32
230,Cabo San Lucas,MX,2021-07-15 01:54:22,22.8909,-109.9124,91.18,69,10,12.19
231,Labytnangi,RU,2021-07-15 01:58:42,66.6572,66.4183,55.11,59,99,7.61
232,Gat,IL,2021-07-15 01:58:42,31.61,34.7642,77.4,82,0,1.74
233,Shirokiy,RU,2021-07-15 01:58:42,49.758,129.523,79.95,88,100,11.45
234,Broken Hill,AU,2021-07-15 01:58:43,-31.95,141.4333,56.91,77,75,5.75
235,Senanga,ZM,2021-07-15 01:58:43,-16.1167,23.2667,52.09,37,59,6.04
236,Coihaique,CL,2021-07-15 01:58:43,-45.5752,-72.0662,40.95,75,90,5.75
237,Roma,US,2021-07-15 01:58:43,43.2128,-75.4557,72.66,92,4,2.62
238,Namibe,AO,2021-07-15 01:58:44,-15.1961,12.1522,65.3,77,4,6.06
239,Clocolan,ZA,2021-07-15 01:58:44,-28.9137,27.5656,29.89,62,0,3.51
240,Shetpe,KZ,2021-07-15 01:58:44,44.1667,52.1167,73.42,48,0,5.21
241,Nanortalik,GL,2021-07-15 01:58:44,60.1432,-45.2371,45.7,84,6,9.24
242,Dong Hoi,VN,2021-07-15 01:58:44,17.4833,106.6,86.18,70,96,0.38
243,Cabedelo,BR,2021-07-15 01:58:45,-6.9811,-34.8339,74.07,87,12,12.95
244,Fuzhou,CN,2021-07-15 01:58:45,26.0614,119.3061,87.69,60,93,4.63
245,Bandarbeyla,SO,2021-07-15 01:58:45,9.4942,50.8122,78.1,71,100,24.9
246,Dhidhdhoo,MV,2021-07-15 01:58:45,6.8833,73.1,82.71,78,100,15.03
247,Saldanha,ZA,2021-07-15 01:58:46,-33.0117,17.9442,41.05,70,0,5.21
248,Kidal,ML,2021-07-15 01:58:46,18.4411,1.4078,86.61,41,35,8.81
249,San Patricio,US,2021-07-15 01:58:46,28.017,-97.5169,84.29,75,14,7.85
250,Campbell River,CA,2021-07-15 01:58:46,50.0163,-125.2446,72.27,54,2,1.01
251,Port Elizabeth,ZA,2021-07-15 01:58:47,-33.918,25.5701,41.29,81,0,0.0
252,Haines Junction,CA,2021-07-15 01:58:47,60.7522,-137.5108,51.35,77,100,2.3
253,Tilichiki,RU,2021-07-15 01:58:16,60.4667,166.1,57.49,86,100,3.09
254,Seshcha,RU,2021-07-15 01:58:47,53.7361,33.3387,65.03,96,100,3.11
255,Comodoro Rivadavia,AR,2021-07-15 01:58:47,-45.8667,-67.5,46.26,46,0,19.57
256,Boueni,YT,2021-07-15 01:58:47,-12.9025,45.0761,76.98,68,0,21.39
257,Pisco,PE,2021-07-15 01:58:48,-13.7,-76.2167,64.45,82,6,4.61
258,Karratha,AU,2021-07-15 01:58:48,-20.7377,116.8463,70.83,44,5,15.1
259,Umm Kaddadah,SD,2021-07-15 01:58:48,13.6017,26.6876,79.79,50,73,7.87
260,Hamilton,US,2021-07-15 01:54:56,39.1834,-84.5333,77.88,82,35,3.76
261,Lorengau,PG,2021-07-15 01:58:48,-2.0226,147.2712,85.26,72,70,9.04
262,Northam,GB,2021-07-15 01:58:48,51.0333,-4.2167,61.3,94,7,6.24
263,Talnakh,RU,2021-07-15 01:58:49,69.4865,88.3972,53.67,51,17,2.33
264,Key West,US,2021-07-15 01:56:25,24.5557,-81.7826,84.0,79,71,12.62
265,Dipalpur,PK,2021-07-15 01:58:49,30.6709,73.6529,87.48,63,25,7.05
266,Prince Rupert,CA,2021-07-15 01:57:20,54.3161,-130.3201,58.6,68,100,2.62
267,Diego De Almagro,CL,2021-07-15 01:58:49,-26.3667,-70.05,50.49,59,0,1.16
268,Rocha,UY,2021-07-15 01:58:49,-34.4833,-54.3333,51.69,96,100,7.7
269,Nokaneng,BW,2021-07-15 01:58:50,-19.6667,22.2667,45.23,30,8,6.73
270,Keetmanshoop,NA,2021-07-15 01:58:50,-26.5833,18.1333,38.21,32,0,8.59
271,Mahebourg,MU,2021-07-15 01:58:50,-20.4081,57.7,66.25,88,20,3.44
272,Geraldton,AU,2021-07-15 01:58:01,-28.7667,114.6,59.41,77,40,9.22
273,Saint-Georges,GD,2021-07-15 01:58:50,12.0564,-61.7485,80.28,78,20,11.5
274,Dalby,AU,2021-07-15 01:58:50,-27.1833,151.2667,71.98,67,85,5.99
275,Tonekabon,IR,2021-07-15 01:58:51,36.8163,50.8738,76.95,64,78,4.65
276,Saint-Augustin,CA,2021-07-15 01:58:51,51.226,-58.6502,64.15,60,100,15.08
277,Kuryk,KZ,2021-07-15 01:58:51,43.2,51.65,76.62,39,0,7.27
278,Carutapera,BR,2021-07-15 01:58:51,-1.195,-46.02,76.48,89,53,7.27
279,Ola,RU,2021-07-15 01:58:44,59.5833,151.2833,64.81,66,98,5.53
280,Along,IN,2021-07-15 01:58:52,28.1667,94.7667,75.36,99,100,0.4
281,Atocha,BO,2021-07-15 01:58:52,-20.9333,-66.2333,42.82,47,3,8.95
282,Okhotsk,RU,2021-07-15 01:58:52,59.3833,143.3,76.57,43,0,13.24
283,Ballina,AU,2021-07-15 01:58:52,-28.8667,153.5667,69.78,77,40,11.5
284,Kaitangata,NZ,2021-07-15 01:58:52,-46.2817,169.8464,47.93,55,100,1.9
285,Badami,IN,2021-07-15 01:58:53,15.915,75.6768,72.07,90,100,12.86
286,Businga,CD,2021-07-15 01:58:53,3.3333,20.8833,70.92,96,83,1.36
287,San Jeronimo,PE,2021-07-15 01:58:53,-11.9472,-75.2829,48.94,79,64,2.51
288,Leningradskiy,RU,2021-07-15 01:58:53,69.3833,178.4167,43.72,90,100,6.29
289,Torrington,US,2021-07-15 01:58:54,41.8007,-73.1212,75.24,92,20,1.01
290,Buluang,PH,2021-07-15 01:58:54,13.3068,123.3425,88.14,62,22,2.91
291,Nuuk,GL,2021-07-15 01:58:54,64.1835,-51.7216,41.88,100,98,10.0
292,Homer,US,2021-07-15 01:58:54,59.6425,-151.5483,66.07,78,96,11.01
293,Manokwari,ID,2021-07-15 01:58:54,-0.8667,134.0833,80.55,77,100,2.15
294,Nioro,GM,2021-07-15 01:58:55,13.35,-15.75,78.37,83,79,7.54
295,Delano,US,2021-07-15 01:57:50,35.7688,-119.247,100.33,20,1,6.91
296,Aykhal,RU,2021-07-15 01:58:55,66.0,111.5,55.27,46,16,4.38
297,Mecca,SA,2021-07-15 01:58:03,21.4267,39.8261,84.9,23,36,2.91
298,Senneterre,CA,2021-07-15 01:58:55,48.3835,-77.2328,59.99,91,57,3.94
299,Alice Springs,AU,2021-07-15 01:55:10,-23.7,133.8833,74.21,21,40,11.99
300,Betare Oya,CM,2021-07-15 01:58:55,5.6,14.0833,67.14,97,100,3.0
301,Kahului,US,2021-07-15 01:58:55,20.8947,-156.47,84.97,87,40,11.01
302,Maputo,MZ,2021-07-15 01:54:33,-25.9653,32.5892,55.08,76,75,11.5
303,Pemangkat,ID,2021-07-15 01:58:56,1.1667,108.9667,78.03,76,99,5.57
304,Wagga Wagga,AU,2021-07-15 01:58:56,-35.1167,147.3667,60.6,72,59,1.14
305,Inhambane,MZ,2021-07-15 01:58:56,-23.865,35.3833,67.26,68,97,14.25
306,La Romana,DO,2021-07-15 01:54:02,18.4273,-68.9728,76.73,94,40,0.0
307,Port Hardy,CA,2021-07-15 01:58:56,50.6996,-127.4199,59.9,72,57,14.76
308,Kota Bahru,MY,2021-07-15 01:58:57,6.1333,102.2386,80.55,83,20,4.61
309,Cururupu,BR,2021-07-15 01:57:07,-1.8283,-44.8683,74.46,90,6,3.47
310,Nishihara,JP,2021-07-15 01:58:57,26.1842,127.7558,88.88,66,40,10.36
311,Ozernovskiy,RU,2021-07-15 01:58:57,51.5,156.5167,50.85,98,100,10.98
312,Sabang,ID,2021-07-15 01:58:57,5.8933,95.3214,81.9,73,100,18.14
313,Alindao,CF,2021-07-15 01:58:57,5.0267,21.2088,70.39,94,100,1.66
314,Saint-Pierre,RE,2021-07-15 01:58:58,-21.3393,55.4781,65.84,68,0,6.91
315,Birao,CF,2021-07-15 01:58:58,10.2849,22.7882,71.37,95,100,4.81
316,Rawson,AR,2021-07-15 01:58:58,-43.3002,-65.1023,48.56,51,0,22.57
317,Serabu,SL,2021-07-15 01:58:58,7.7958,-12.0536,73.45,96,100,2.33
318,Awbari,LY,2021-07-15 01:58:59,26.5921,12.7805,83.86,20,0,8.03
319,Vestmannaeyjar,IS,2021-07-15 01:58:59,63.4427,-20.2734,50.56,84,44,16.28
320,Puli,TW,2021-07-15 01:58:59,23.9664,120.9695,87.22,60,45,5.32
321,Diamantino,BR,2021-07-15 01:58:59,-14.4086,-56.4461,70.9,38,0,6.33
322,Harper,LR,2021-07-15 01:58:59,4.375,-7.7169,75.85,76,100,4.54
323,Kismayo,SO,2021-07-15 01:59:00,-0.3582,42.5454,75.81,81,32,17.52
324,Nesbyen,NO,2021-07-15 01:59:00,60.5681,9.1027,65.88,95,8,3.13
325,Chapais,CA,2021-07-15 01:59:00,49.7834,-74.8492,61.03,73,76,9.26
326,Nador,MA,2021-07-15 01:59:00,35.174,-2.9287,70.05,83,0,3.44
327,Warrnambool,AU,2021-07-15 01:59:01,-38.3833,142.4833,58.8,75,95,18.52
328,Sovetskiy,RU,2021-07-15 01:59:01,61.3614,63.5842,53.01,50,0,5.64
329,College,US,2021-07-15 01:59:01,64.8569,-147.8028,69.21,73,97,1.01
330,Pechenga,RU,2021-07-15 01:59:01,69.5259,31.1703,54.46,78,6,2.77
331,Jiexiu,CN,2021-07-15 01:59:01,37.0244,111.9125,88.81,48,78,7.31
332,Ancud,CL,2021-07-15 01:59:02,-41.8697,-73.8203,42.33,77,35,4.34
333,Xai-Xai,MZ,2021-07-15 01:59:02,-25.0519,33.6442,66.29,58,100,10.13
334,Umm Lajj,SA,2021-07-15 01:59:02,25.0213,37.2685,83.39,52,14,6.64
335,Amapa,BR,2021-07-15 01:59:02,1.0,-52.0,70.56,99,66,2.28
336,Rafai,CF,2021-07-15 01:59:02,4.95,23.9167,67.8,99,100,1.28
337,Codrington,AU,2021-07-15 01:59:03,-38.2667,141.9667,56.34,76,100,17.22
338,Sembe,CG,2021-07-15 01:59:03,1.6481,14.5806,73.0,86,100,2.28
339,Banepa,NP,2021-07-15 01:59:03,27.6298,85.5214,70.12,94,75,2.3
340,Samarinda,ID,2021-07-15 01:59:03,-0.5,117.15,73.06,95,100,3.98
341,Berlevag,NO,2021-07-15 01:59:04,70.8578,29.0864,49.51,85,18,5.21
342,Kununurra,AU,2021-07-15 01:59:04,-15.7667,128.7333,84.18,24,10,5.75
343,Tandil,AR,2021-07-15 01:59:04,-37.3217,-59.1332,43.11,88,64,1.21
344,Satellite Beach,US,2021-07-15 01:59:04,28.1761,-80.5901,82.99,84,100,3.0
345,Black Diamond,US,2021-07-15 01:55:25,47.3087,-122.0032,78.3,61,0,1.01
346,Buraydah,SA,2021-07-15 01:59:04,26.326,43.975,86.45,17,36,3.44
347,Velsk,RU,2021-07-15 01:59:05,61.0701,42.0983,66.4,70,20,2.95
348,La Palma,US,2021-07-15 01:59:05,33.8464,-118.0467,93.04,67,3,5.01
349,Kirakira,SB,2021-07-15 01:59:05,-10.4544,161.9205,84.78,73,91,17.13
350,Agaro,ET,2021-07-15 01:59:05,7.85,36.65,58.77,98,100,0.83
351,Faya,SA,2021-07-15 01:59:06,18.3851,42.4509,66.31,41,81,6.6
352,Harrison,US,2021-07-15 01:56:31,30.4091,-89.0436,80.15,90,100,5.37
353,Grand Gaube,MU,2021-07-15 01:59:06,-20.0064,57.6608,66.38,79,0,5.99
354,Roncesvalles,CO,2021-07-15 01:59:06,4.0108,-75.6049,50.77,88,99,1.81
355,Vaitape,PF,2021-07-15 01:59:06,-16.5167,-151.75,80.1,72,8,20.51
356,Yasinya,UA,2021-07-15 01:59:06,48.2794,24.3604,65.23,82,3,1.48
357,Swan Hill,AU,2021-07-15 01:59:07,-35.3378,143.5544,60.39,66,1,13.78
358,Hervey Bay,AU,2021-07-15 01:58:18,-25.2986,152.8535,75.31,80,63,12.06
359,Ilulissat,GL,2021-07-15 01:55:46,69.2167,-51.1,37.87,92,100,12.95
360,Olyka,UA,2021-07-15 01:59:07,50.7186,25.8125,70.93,77,45,7.02
361,Krasnoarmeyskiy,RU,2021-07-15 01:59:07,47.0114,42.2072,72.39,47,1,6.35
362,Tateyama,JP,2021-07-15 01:59:07,34.9833,139.8667,80.87,75,66,3.4
363,Mehamn,NO,2021-07-15 01:59:08,71.0357,27.8492,49.84,84,18,5.21
364,Japura,ID,2021-07-15 01:59:08,-0.3167,102.35,78.55,74,100,2.86
365,Tezu,IN,2021-07-15 01:59:08,27.9167,96.1667,76.35,97,100,1.48
366,Shitkino,RU,2021-07-15 01:59:08,56.3703,98.3543,78.15,45,0,1.3
367,Caravelas,BR,2021-07-15 01:59:09,-17.7125,-39.2481,69.76,92,3,4.63
368,Garowe,SO,2021-07-15 01:59:09,8.4054,48.4845,75.96,59,20,19.82
369,Laguna,US,2021-07-15 01:59:09,38.421,-121.4238,96.44,37,1,7.0
370,Axim,GH,2021-07-15 01:59:09,4.8699,-2.2405,75.79,84,100,8.88
371,Los Llanos De Aridane,ES,2021-07-15 01:59:09,28.6585,-17.9182,71.13,70,90,17.27
372,Acevedo,CO,2021-07-15 01:59:10,1.8361,-75.855,62.83,96,96,1.3
373,Bengkulu,ID,2021-07-15 01:58:20,-3.8004,102.2655,79.72,67,78,2.51
374,Bol,TD,2021-07-15 01:59:10,13.4586,14.7147,81.55,73,76,2.42
375,Jadu,LY,2021-07-15 01:59:10,31.953,12.0261,67.86,90,73,7.11
376,Jalu,LY,2021-07-15 01:58:09,29.0331,21.5482,80.94,32,3,8.93
377,Corum,TR,2021-07-15 01:59:10,40.5,34.75,57.6,84,0,3.13
378,Poronaysk,RU,2021-07-15 01:59:10,49.2167,143.1167,58.87,94,100,4.76
379,Santa Cruz,BO,2021-07-15 01:59:11,-17.8,-63.1667,78.26,73,75,11.5
380,Ulundi,ZA,2021-07-15 01:59:11,-28.3352,31.4162,43.25,91,1,4.38
381,Balikpapan,ID,2021-07-15 01:59:11,-1.2675,116.8289,72.03,93,100,7.96
382,Nichinan,JP,2021-07-15 01:59:11,31.6,131.3667,86.95,68,44,7.09
383,Ketchikan,US,2021-07-15 01:59:12,55.3422,-131.6461,60.58,60,76,2.95
384,Dongsheng,CN,2021-07-15 01:59:12,39.8161,109.9776,86.34,36,69,10.98
385,Presidencia Roque Saenz Pena,AR,2021-07-15 01:59:12,-26.7852,-60.4388,61.79,89,99,11.23
386,Coolum Beach,AU,2021-07-15 01:59:12,-26.5333,153.1,73.11,76,25,13.11
387,Fukue,JP,2021-07-15 01:59:12,32.6881,128.8419,86.36,74,40,4.61
388,Kurilsk,RU,2021-07-15 01:59:13,45.2333,147.8833,65.68,80,85,3.74
389,Keffi,NG,2021-07-15 01:59:13,8.8486,7.8736,77.38,95,100,1.7
390,Sola,VU,2021-07-15 01:59:13,-13.8833,167.55,83.07,79,75,9.22
391,Surubim,BR,2021-07-15 01:59:13,-7.8331,-35.7547,73.02,97,36,5.55
392,Sao Jose De Ribamar,BR,2021-07-15 01:59:13,-2.5619,-44.0542,80.98,79,0,10.94
393,Humaita,BR,2021-07-15 01:59:14,-7.5061,-63.0208,78.44,49,3,1.1
394,Ahuimanu,US,2021-07-15 01:59:14,21.4447,-157.8378,83.86,69,14,14.07
395,Jevnaker,NO,2021-07-15 01:59:14,60.2414,10.385,65.68,98,5,1.61
396,Mundra,IN,2021-07-15 01:59:14,22.85,69.7333,84.06,82,100,5.59
397,Dakar,SN,2021-07-15 01:54:48,14.6937,-17.4441,80.73,74,40,16.11
398,Manaure,CO,2021-07-15 01:59:15,11.7751,-72.4445,79.38,82,15,17.78
399,Port-Cartier,CA,2021-07-15 01:59:15,50.0334,-66.8654,57.74,99,100,4.05
400,Brae,GB,2021-07-15 01:59:15,60.3964,-1.353,53.51,81,26,20.67
401,Sarkikaraagac,TR,2021-07-15 01:59:15,38.0794,31.3664,62.73,75,0,4.99
402,Mitzic,GA,2021-07-15 01:59:16,0.7821,11.549,66.29,97,81,2.48
403,Pamekasan,ID,2021-07-15 01:59:16,-7.1568,113.4746,81.77,66,91,7.65
404,La Libertad,EC,2021-07-15 01:59:16,-2.2333,-80.9,69.66,88,96,9.26
405,Donskoy,RU,2021-07-15 01:59:16,53.9711,38.3363,65.7,72,54,5.86
406,Poykovskiy,RU,2021-07-15 01:59:16,61.2333,73.3333,50.29,100,75,15.66
407,Martapura,ID,2021-07-15 01:59:17,-3.4167,114.85,75.29,94,75,6.91
408,Necochea,AR,2021-07-15 01:59:17,-38.5473,-58.7368,43.79,75,41,9.22
409,Lumeje,AO,2021-07-15 01:59:17,-11.55,20.7833,58.01,47,33,9.31
410,Todos Santos,MX,2021-07-15 01:59:17,23.45,-110.2167,90.68,75,26,4.88
411,Camana,PE,2021-07-15 01:59:17,-16.6228,-72.7111,60.69,89,59,9.1
412,Bartica,GY,2021-07-15 01:59:18,6.4,-58.6167,77.32,99,59,2.1
413,Bloemhof,ZA,2021-07-15 01:59:18,-27.6469,25.607,30.58,45,0,5.57
414,Naze,JP,2021-07-15 01:59:18,28.3667,129.4833,83.32,76,100,9.66
415,Salinopolis,BR,2021-07-15 01:59:18,-0.6136,-47.3561,78.15,86,54,12.39
416,Abha,SA,2021-07-15 01:57:47,18.2164,42.5053,66.02,82,0,0.0
417,Pasni,PK,2021-07-15 01:59:19,25.2631,63.471,82.6,88,100,3.76
418,Sisimiut,GL,2021-07-15 01:59:19,66.9395,-53.6735,43.29,93,99,5.95
419,Redmond,US,2021-07-15 01:56:38,47.674,-122.1215,80.38,60,0,1.99
420,Cairo Montenotte,IT,2021-07-15 01:59:19,44.4031,8.2746,67.96,99,96,0.85
421,Broome,US,2021-07-15 01:59:19,42.2506,-75.833,72.01,87,0,1.01
422,Tautira,PF,2021-07-15 01:59:19,-17.7333,-149.15,86.02,68,0,16.24
423,Imbituba,BR,2021-07-15 01:59:20,-28.24,-48.6703,67.82,79,100,2.86
424,Ambanja,MG,2021-07-15 01:59:20,-13.6833,48.45,66.25,75,2,3.62
425,Bara,NG,2021-07-15 01:59:20,10.3744,10.7288,75.87,81,99,5.06
426,Petropavlovsk-Kamchatskiy,RU,2021-07-15 01:59:20,53.0452,158.6483,66.79,56,75,8.95
427,Terrace,CA,2021-07-15 01:59:20,54.5163,-128.6035,67.42,55,100,3.65
428,Taltal,CL,2021-07-15 01:59:21,-25.4,-70.4833,57.04,79,0,3.91
429,Nizhniye Vyazovyye,RU,2021-07-15 01:59:21,55.7988,48.5248,61.57,70,94,0.87
430,Honningsvag,NO,2021-07-15 01:59:21,70.9821,25.9704,49.41,85,0,9.33
431,Ferme-Neuve,CA,2021-07-15 01:59:21,46.7001,-75.4493,66.2,77,44,2.66
432,Chengde,CN,2021-07-15 01:59:22,40.9725,117.9361,79.66,84,93,1.52
433,Goderich,CA,2021-07-15 01:59:22,43.7501,-81.7165,73.9,82,100,11.59
434,Byron Bay,AU,2021-07-15 01:59:22,-28.65,153.6167,68.11,65,100,14.14
435,Komyshuvakha,UA,2021-07-15 01:59:22,47.7176,35.5288,65.34,53,0,7.81
436,Ayr,GB,2021-07-15 01:59:22,55.4627,-4.6339,59.31,88,40,12.66
437,Walvis Bay,NA,2021-07-15 01:59:23,-22.9575,14.5053,64.42,20,2,13.04
438,Labuan,MY,2021-07-15 01:59:23,5.2767,115.2417,77.36,83,40,1.01
439,Tabas,IR,2021-07-15 01:59:23,33.5959,56.9244,89.76,19,70,6.44
440,Yangambi,CD,2021-07-15 01:59:23,0.8102,24.4336,73.04,73,98,1.95
441,Katangli,RU,2021-07-15 01:59:24,51.7102,143.2326,69.67,79,100,7.49
442,Kon Tum,VN,2021-07-15 01:59:18,14.35,108.0,80.51,70,95,2.13
443,Lagos,NG,2021-07-15 01:55:37,6.5833,3.75,79.12,92,99,4.65
444,Rocky Mountain House,CA,2021-07-15 01:59:24,52.3668,-114.9188,78.84,65,14,7.18
445,Shar,KZ,2021-07-15 01:59:24,49.5886,81.0453,63.03,52,5,9.86
446,Sovetskaya Gavan,RU,2021-07-15 01:59:24,48.9723,140.2878,63.63,94,100,4.05
447,Labuhan,ID,2021-07-15 01:59:24,-6.8844,112.2051,80.6,65,100,8.08
448,Mamlyutka,KZ,2021-07-15 01:59:25,54.9375,68.5394,50.02,64,66,17.45
449,Tuatapere,NZ,2021-07-15 01:59:25,-46.1333,167.6833,47.82,75,100,2.82
450,Lhokseumawe,ID,2021-07-15 01:59:25,5.1801,97.1507,77.45,84,100,2.8
451,Prieska,ZA,2021-07-15 01:59:25,-29.6641,22.7474,32.74,46,0,3.47
452,Arlit,NE,2021-07-15 01:59:25,18.7369,7.3853,90.43,33,95,9.73
453,Vendome,FR,2021-07-15 01:59:26,47.8,1.0667,63.12,98,69,9.06
454,Fayaoue,NC,2021-07-15 01:59:26,-20.65,166.5333,72.23,71,100,16.15
455,Bindi,SL,2021-07-15 01:59:26,9.9167,-11.45,70.43,99,100,3.96
456,Faanui,PF,2021-07-15 01:57:55,-16.4833,-151.75,80.06,72,8,20.54
457,Mafra,BR,2021-07-15 01:59:26,-26.1114,-49.8053,56.41,81,100,2.55
458,Tazovskiy,RU,2021-07-15 01:59:27,67.4667,78.7,48.83,62,89,2.37
459,Essen,DE,2021-07-15 01:59:27,51.45,7.0167,63.25,97,100,1.01
460,Hohhot,CN,2021-07-15 01:59:27,40.8106,111.6522,82.69,47,20,8.95
461,Jijila,RO,2021-07-15 01:59:27,45.3,28.15,62.85,60,0,1.97
462,Bireun,ID,2021-07-15 01:59:28,5.203,96.7009,79.66,77,100,3.44
463,Urucurituba,BR,2021-07-15 01:59:28,-2.6833,-57.6667,75.78,79,22,1.57
464,Hampton,US,2021-07-15 01:59:28,37.0299,-76.3452,85.01,75,90,12.66
465,Mogadouro,PT,2021-07-15 01:59:28,41.3403,-6.7119,61.79,60,43,8.9
466,Sobolevo,RU,2021-07-15 01:59:28,54.4299,31.8996,64.63,98,100,11.83
467,Rayon,MX,2021-07-15 01:59:29,19.1444,-99.5836,57.76,96,91,1.88
468,Kristiansund,NO,2021-07-15 01:59:29,63.1115,7.732,60.85,88,90,14.97
469,San Javier,ES,2021-07-15 01:59:29,37.8063,-0.8374,73.02,70,20,1.01
470,Mercedes,AR,2021-07-15 01:56:58,-34.6515,-59.4307,51.84,91,100,7.67
471,Puerto Madryn,AR,2021-07-15 01:59:29,-42.7692,-65.0385,49.68,53,1,21.9
472,Lloret De Mar,ES,2021-07-15 01:59:30,41.6999,2.8457,74.34,61,19,4.0
473,Talara,PE,2021-07-15 01:59:30,-4.5772,-81.2719,66.07,86,55,15.41
474,The Valley,AI,2021-07-15 01:59:30,18.217,-63.0578,81.1,71,29,18.34
475,Warrensburg,US,2021-07-15 01:59:30,38.7628,-93.7361,82.49,65,1,9.22
476,Vesyegonsk,RU,2021-07-15 01:59:30,58.664,37.2604,66.65,89,83,3.58
477,Adrar,MR,2021-07-15 01:58:29,20.5022,-10.0711,91.51,32,97,22.77
478,Rio Verde De Mato Grosso,BR,2021-07-15 01:59:31,-18.9181,-54.8442,71.96,35,21,4.14
479,Hovd,MN,2021-07-15 01:59:31,48.0056,91.6419,72.1,28,0,7.94
480,Mahibadhoo,MV,2021-07-15 01:59:31,3.7833,72.9667,82.26,76,100,10.09
481,Nelson Bay,AU,2021-07-15 01:59:31,-32.7167,152.15,69.96,79,13,9.84
482,Pocoes,BR,2021-07-15 01:59:31,-14.5297,-40.3653,58.51,96,1,3.18
483,Anadyr,RU,2021-07-15 01:59:32,64.75,177.4833,63.1,63,0,2.24
484,Muros,ES,2021-07-15 01:59:32,42.7762,-9.0603,64.09,74,80,13.6
485,Clyde River,CA,2021-07-15 01:59:32,70.4692,-68.5914,44.08,71,23,1.79
486,Luganville,VU,2021-07-15 01:59:32,-15.5333,167.1667,80.22,83,97,13.94
487,Tabuk,PH,2021-07-15 01:59:33,17.4189,121.4443,86.14,66,95,4.38
488,Kautokeino,NO,2021-07-15 01:59:33,69.0125,23.0412,58.89,71,96,11.48
489,Datong,CN,2021-07-15 01:59:33,40.0936,113.2914,84.18,52,29,4.23
490,Zhuhai,CN,2021-07-15 01:59:25,22.2769,113.5678,91.71,74,20,5.75
491,Seoul,KR,2021-07-15 01:55:14,37.5683,126.9778,90.79,60,40,5.75
492,Kijang,KR,2021-07-15 01:59:33,35.2442,129.2139,89.33,72,0,5.03
493,Bilibino,RU,2021-07-15 01:59:33,68.0546,166.4372,64.42,54,100,3.91
494,Vao,NC,2021-07-15 01:59:34,-22.6667,167.4833,70.0,63,99,17.31
495,Kayerkan,RU,2021-07-15 01:59:34,69.3497,87.7602,50.58,56,11,2.39
496,Bodden Town,KY,2021-07-15 01:59:34,19.2833,-81.25,84.2,82,20,1.99
497,Guerrero Negro,MX,2021-07-15 01:59:34,27.9769,-114.0611,71.96,74,100,16.06
498,Ludvika,SE,2021-07-15 01:59:35,60.1496,15.1878,67.03,99,48,3.31
499,Riyadh,SA,2021-07-15 01:59:35,24.6877,46.7219,86.14,18,85,3.02
500,Fereydun Kenar,IR,2021-07-15 01:59:35,36.6864,52.5225,78.37,73,100,11.77
501,Hobyo,SO,2021-07-15 01:59:35,5.3505,48.5268,76.46,82,91,23.53
502,Dunedin,NZ,2021-07-15 01:56:38,-45.8742,170.5036,48.79,56,100,3.0
503,Ferrol,ES,2021-07-15 01:59:35,43.4832,-8.2369,63.12,86,95,11.88
504,Tura,IN,2021-07-15 01:59:36,25.5198,90.2201,77.72,93,97,5.1
505,Houma,US,2021-07-15 01:59:36,29.5958,-90.7195,82.0,85,1,0.0
506,Cayenne,GF,2021-07-15 01:59:15,4.9333,-52.3333,79.09,89,75,1.14
507,Dongkan,CN,2021-07-15 01:59:36,33.9997,119.8308,85.82,79,100,9.4
508,Maxixe,MZ,2021-07-15 01:59:36,-23.8597,35.3472,66.67,68,96,12.84
509,Kingussie,GB,2021-07-15 01:59:37,57.08,-4.0523,54.55,98,18,3.8
510,Aksarka,RU,2021-07-15 01:59:37,66.5606,67.7975,55.47,55,100,8.93
511,Valleyview,CA,2021-07-15 01:59:37,55.0667,-117.2859,82.47,21,28,10.13
512,Opuwo,NA,2021-07-15 01:59:37,-18.0607,13.84,53.6,41,0,8.12
513,Douglas,US,2021-07-15 01:56:47,41.3,-96.167,79.9,82,75,1.99
514,Tomohon,ID,2021-07-15 01:59:37,1.3346,124.8392,77.94,65,70,1.59
515,Havoysund,NO,2021-07-15 01:59:38,70.9963,24.6622,50.88,87,0,11.34
516,Chulumani,BO,2021-07-15 01:59:38,-16.4096,-67.5263,61.54,91,59,0.4
517,Christchurch,NZ,2021-07-15 01:59:38,-43.5333,172.6333,52.92,80,100,3.0
518,Vierzon,FR,2021-07-15 01:59:38,47.2101,2.0625,61.86,95,98,7.16
519,Hailar,CN,2021-07-15 01:59:39,49.2,119.7,78.57,65,100,11.1
520,Dhrol,IN,2021-07-15 01:59:39,22.5667,70.4167,83.52,81,99,4.68
521,Gilbues,BR,2021-07-15 01:59:39,-9.8317,-45.3439,69.67,55,0,4.45
522,Vanino,RU,2021-07-15 01:59:39,49.0869,140.2543,64.27,94,100,3.56
523,Palana,RU,2021-07-15 01:59:39,59.1167,159.9667,49.15,94,100,2.06
524,Vanimo,PG,2021-07-15 01:59:40,-2.6741,141.3028,86.74,64,54,7.52
525,Kholtoson,RU,2021-07-15 01:59:40,50.2981,103.3097,72.81,50,0,2.1
526,Gornoye Loo,RU,2021-07-15 01:59:40,43.7129,39.6049,67.78,64,0,6.22
527,Kamarion,GR,2021-07-15 01:59:40,36.8,25.8167,78.1,81,0,21.61
528,Khorinsk,RU,2021-07-15 01:59:40,52.1657,109.7726,62.73,86,95,8.08
529,Ushibuka,JP,2021-07-15 01:59:41,32.1906,130.0228,83.37,68,3,1.74
530,Bubaque,GW,2021-07-15 01:59:41,11.2833,-15.8333,79.9,83,85,13.89
531,Estacion Coahuila,MX,2021-07-15 01:59:41,32.1939,-115.0017,102.61,34,0,17.96
532,Baksheyevo,RU,2021-07-15 01:59:41,55.7086,39.8767,66.15,90,18,1.28
533,Sembakung,ID,2021-07-15 01:59:42,3.8167,117.25,78.73,63,92,4.7
